car_ID,symboling,wheelbase,carlength,carwidth,carheight,curbweight,enginesize,boreratio,stroke,compressionratio,horsepower,peakrpm,citympg,highwaympg,price,hp_per_litre,weight_per_hp,mpg_combined,engine_per_weight,car_volume,wheelbase_ratio,log_price,is_luxury,is_powerful,is_fuel_efficient,fueltype_gas,aspiration_turbo,doornumber_two,carbody_hardtop,carbody_hatchback,carbody_sedan,carbody_wagon,drivewheel_fwd,drivewheel_rwd,enginelocation_rear,enginetype_dohcv,enginetype_l,enginetype_ohc,enginetype_ohcf,enginetype_ohcv,enginetype_rotor,cylindernumber_five,cylindernumber_four,cylindernumber_six,cylindernumber_three,cylindernumber_twelve,cylindernumber_two,fuelsystem_2bbl,fuelsystem_4bbl,fuelsystem_idi,fuelsystem_mfi,fuelsystem_mpfi,fuelsystem_spdi,fuelsystem_spfi
1,3,88.6,168.8,64.1,48.8,2548,130,3.47,2.68,9.0,111,5000,21,27,13495.0,0.8473282442748091,22.75,24.0,0.05100039231071008,528019.904,0.5248815165876777,9.510148624225804,0,0,0,True,False,True,False,False,False,False,False,True,False,False,False,False,False,False,False,False,True,False,False,False,False,False,False,False,False,True,False,False
2,3,88.6,168.8,64.1,48.8,2548,130,3.47,2.68,9.0,111,5000,21,27,16500.0,0.8473282442748091,22.75,24.0,0.05100039231071008,528019.904,0.5248815165876777,9.711176264112805,0,0,0,True,False,True,False,False,False,False,False,True,False,False,False,False,False,False,False,False,True,False,False,False,False,False,False,False,False,True,False,False
3,1,94.5,171.2,65.5,52.4,2823,152,2.68,3.47,9.0,154,5000,19,26,16500.0,1.0065359477124183,18.212903225806453,22.5,0.053824362606232294,587592.6399999999,0.5519859813084113,9.711176264112805,0,1,0,True,False,True,False,True,False,False,False,True,False,False,False,False,False,True,False,False,False,True,False,False,False,False,False,False,False,True,False,False
4,2,99.8,176.6,66.2,54.3,2337,109,3.19,3.4,10.0,102,5500,24,30,13950.0,0.9272727272727272,22.689320388349515,27.0,0.04662104362703165,634816.956,0.565118912797282,9.543306469268108,0,0,0,True,False,False,False,False,True,False,True,False,False,False,False,True,False,False,False,False,True,False,False,False,False,False,False,False,False,True,False,False
5,2,99.4,176.6,66.4,54.3,2824,136,3.19,3.4,8.0,115,5500,18,22,17450.0,0.8394160583941606,24.344827586206897,20.0,0.048141592920353984,636734.8319999999,0.5628539071347679,9.767152232578871,0,0,0,True,False,False,False,False,True,False,False,False,False,False,False,True,False,False,False,True,False,False,False,False,False,False,False,False,False,True,False,False
6,2,99.8,177.3,66.3,53.1,2507,136,3.19,3.4,8.5,110,5500,19,25,15250.0,0.8029197080291971,22.585585585585587,22.0,0.05422647527910686,624189.969,0.562887760857304,9.632400353656184,0,0,0,True,False,True,False,False,True,False,True,False,False,False,False,True,False,False,False,True,False,False,False,False,False,False,False,False,False,True,False,False
7,1,105.8,192.7,71.4,55.7,2844,136,3.19,3.4,8.5,110,5500,19,25,17710.0,0.8029197080291971,25.62162162162162,22.0,0.04780316344463972,766364.0460000001,0.5490399584846912,9.781941194456632,0,0,0,True,False,False,False,False,True,False,True,False,False,False,False,True,False,False,False,True,False,False,False,False,False,False,False,False,False,True,False,False
8,1,105.8,192.7,71.4,55.7,2954,136,3.19,3.4,8.5,110,5500,19,25,18920.0,0.8029197080291971,26.61261261261261,22.0,0.046023688663282575,766364.0460000001,0.5490399584846912,9.84802769533176,0,0,0,True,False,False,False,False,False,True,True,False,False,False,False,True,False,False,False,True,False,False,False,False,False,False,False,False,False,True,False,False
9,1,105.8,192.7,71.4,55.9,3086,131,3.13,3.4,8.3,140,5500,17,20,23875.0,1.0606060606060606,21.886524822695037,18.5,0.04243602202785876,769115.802,0.5490399584846912,10.080629049288541,1,0,0,True,True,False,False,False,True,False,True,False,False,False,False,True,False,False,False,True,False,False,False,False,False,False,False,False,False,True,False,False
10,0,99.5,178.2,67.9,52.0,3053,131,3.13,3.4,7.0,160,5500,16,22,17859.167,1.2121212121212122,18.96273291925466,19.0,0.04289456450556647,629188.56,0.5583613916947251,9.790328204890693,0,1,0,True,True,True,False,True,False,False,False,False,False,False,False,True,False,False,False,True,False,False,False,False,False,False,False,False,False,True,False,False
11,2,101.2,176.8,64.8,54.3,2395,108,3.5,2.8,8.8,101,5800,23,29,16430.0,0.926605504587156,23.480392156862745,26.0,0.045075125208681135,622095.5519999999,0.5723981900452488,9.706925073451831,0,0,0,True,False,True,False,False,True,False,False,True,False,False,False,True,False,False,False,False,True,False,False,False,False,False,False,False,False,True,False,False
12,0,101.2,176.8,64.8,54.3,2395,108,3.5,2.8,8.8,101,5800,23,29,16925.0,0.926605504587156,23.480392156862745,26.0,0.045075125208681135,622095.5519999999,0.5723981900452488,9.736606180230051,0,0,0,True,False,False,False,False,True,False,False,True,False,False,False,True,False,False,False,False,True,False,False,False,False,False,False,False,False,True,False,False
13,0,101.2,176.8,64.8,54.3,2710,164,3.31,3.19,9.0,121,4250,21,28,20970.0,0.7333333333333333,22.21311475409836,24.5,0.06049428255256363,622095.5519999999,0.5723981900452488,9.950895809931119,1,0,0,True,False,True,False,False,True,False,False,True,False,False,False,True,False,False,False,False,False,True,False,False,False,False,False,False,False,True,False,False
14,0,101.2,176.8,64.8,54.3,2765,164,3.31,3.19,9.0,121,4250,21,28,21105.0,0.7333333333333333,22.66393442622951,24.5,0.05929139551699204,622095.5519999999,0.5723981900452488,9.957312639231036,1,0,0,True,False,False,False,False,True,False,False,True,False,False,False,True,False,False,False,False,False,True,False,False,False,False,False,False,False,True,False,False
15,1,103.5,189.0,66.9,55.7,3055,164,3.31,3.19,9.0,121,4250,20,25,24565.0,0.7333333333333333,25.040983606557376,22.5,0.05366492146596859,704276.3700000001,0.5476190476190477,10.10911865209904,1,0,0,True,False,False,False,False,True,False,False,True,False,False,False,True,False,False,False,False,False,True,False,False,False,False,False,False,False,True,False,False
16,0,103.5,189.0,66.9,55.7,3230,209,3.62,3.39,8.0,182,5400,16,22,30760.0,0.8666666666666667,17.650273224043715,19.0,0.06468585577220674,704276.3700000001,0.5476190476190477,10.334002932844076,1,1,0,True,False,False,False,False,True,False,False,True,False,False,False,True,False,False,False,False,False,True,False,False,False,False,False,False,False,True,False,False
17,0,103.5,193.8,67.9,53.7,3380,209,3.62,3.39,8.0,182,5400,16,22,41315.0,0.8666666666666667,18.469945355191257,19.0,0.06181603076013014,706639.3740000002,0.5340557275541795,10.629005113126524,1,1,0,True,False,True,False,False,True,False,False,True,False,False,False,True,False,False,False,False,False,True,False,False,False,False,False,False,False,True,False,False
18,0,110.0,197.0,70.9,56.3,3505,209,3.62,3.39,8.0,182,5400,15,20,36880.0,0.8666666666666667,19.153005464480874,17.5,0.059612093553907584,786358.99,0.5583756345177665,10.515451792270389,1,1,0,True,False,False,False,False,True,False,False,True,False,False,False,True,False,False,False,False,False,True,False,False,False,False,False,False,False,True,False,False
19,2,88.4,141.1,60.3,53.2,1488,61,2.91,3.03,9.5,48,5100,47,53,5151.0,0.7741935483870968,30.367346938775512,50.0,0.0409670920080591,452643.156,0.6265060240963856,8.54714026778419,0,0,1,True,False,True,False,True,False,False,True,False,False,False,True,False,False,False,False,False,False,False,True,False,False,True,False,False,False,False,False,False
20,1,94.5,155.9,63.6,52.0,1874,90,3.03,3.11,9.6,70,5400,38,43,6295.0,0.7692307692307693,26.3943661971831,40.5,0.048,515592.48,0.6061577934573444,8.74766979009724,0,0,1,True,False,True,False,True,False,False,True,False,False,False,False,True,False,False,False,False,True,False,False,False,False,True,False,False,False,False,False,False
21,0,94.5,158.8,63.6,52.0,1909,90,3.03,3.11,9.6,70,5400,38,43,6575.0,0.7692307692307693,26.887323943661972,40.5,0.04712041884816754,525183.36,0.5950881612090679,8.791181936736017,0,0,1,True,False,False,False,False,True,False,True,False,False,False,False,True,False,False,False,False,True,False,False,False,False,True,False,False,False,False,False,False
22,1,93.7,157.3,63.8,50.8,1876,90,2.97,3.23,9.41,68,5500,37,41,5572.0,0.7472527472527473,27.18840579710145,39.0,0.04794885455514118,509815.59199999995,0.5956770502225047,8.625688787569537,0,0,1,True,False,True,False,True,False,False,True,False,False,False,False,True,False,False,False,False,True,False,False,False,False,True,False,False,False,False,False,False
23,1,93.7,157.3,63.8,50.8,1876,90,2.97,3.23,9.4,68,5500,31,38,6377.0,0.7472527472527473,27.18840579710145,34.5,0.04794885455514118,509815.59199999995,0.5956770502225047,8.760609847570002,0,0,1,True,False,True,False,True,False,False,True,False,False,False,False,True,False,False,False,False,True,False,False,False,False,True,False,False,False,False,False,False
24,1,93.7,157.3,63.8,50.8,2128,98,3.03,3.39,7.6,102,5500,24,30,7957.0,1.0303030303030303,20.660194174757283,27.0,0.046031000469704084,509815.59199999995,0.5956770502225047,8.981932990986873,0,0,0,True,True,True,False,True,False,False,True,False,False,False,False,True,False,False,False,False,True,False,False,False,False,False,False,False,False,True,False,False
25,1,93.7,157.3,63.8,50.6,1967,90,2.97,3.23,9.4,68,5500,31,38,6229.0,0.7472527472527473,28.507246376811594,34.5,0.04573170731707317,507808.444,0.5956770502225047,8.737131611781498,0,0,1,True,False,False,False,True,False,False,True,False,False,False,False,True,False,False,False,False,True,False,False,False,False,True,False,False,False,False,False,False
26,1,93.7,157.3,63.8,50.6,1989,90,2.97,3.23,9.4,68,5500,31,38,6692.0,0.7472527472527473,28.82608695652174,34.5,0.04522613065326633,507808.444,0.5956770502225047,8.808817483100642,0,0,1,True,False,False,False,False,True,False,True,False,False,False,False,True,False,False,False,False,True,False,False,False,False,True,False,False,False,False,False,False
27,1,93.7,157.3,63.8,50.6,1989,90,2.97,3.23,9.4,68,5500,31,38,7609.0,0.7472527472527473,28.82608695652174,34.5,0.04522613065326633,507808.444,0.5956770502225047,8.937218450855731,0,0,1,True,False,False,False,False,True,False,True,False,False,False,False,True,False,False,False,False,True,False,False,False,False,True,False,False,False,False,False,False
28,1,93.7,157.3,63.8,50.6,2191,98,3.03,3.39,7.6,102,5500,24,30,8558.0,1.0303030303030303,21.271844660194176,27.0,0.04470802919708029,507808.444,0.5956770502225047,9.05473863988161,0,0,0,True,True,True,False,False,True,False,True,False,False,False,False,True,False,False,False,False,True,False,False,False,False,False,False,False,False,True,False,False
29,-1,103.3,174.6,64.6,59.8,2535,122,3.34,3.46,8.5,88,5000,24,30,8921.0,0.7154471544715447,28.48314606741573,27.0,0.04810725552050473,674493.7679999998,0.5916380297823597,9.09627541568821,0,0,0,True,False,False,False,False,False,True,True,False,False,False,False,True,False,False,False,False,True,False,False,False,False,True,False,False,False,False,False,False
30,3,95.9,173.2,66.3,50.2,2811,156,3.6,3.9,7.0,145,5000,19,24,12964.0,0.9235668789808917,19.253424657534246,21.5,0.05547652916073969,576454.632,0.5536951501154735,9.470008697972764,0,1,0,True,True,True,False,True,False,False,True,False,False,False,False,True,False,False,False,False,True,False,False,False,False,False,False,False,True,False,False,False
31,2,86.6,144.6,63.9,50.8,1713,92,2.91,3.41,9.6,58,4800,49,54,6479.0,0.6236559139784946,29.033898305084747,51.5,0.05367561260210035,469388.95199999993,0.598893499308437,8.776475789346321,0,0,1,True,False,True,False,True,False,False,True,False,False,False,False,True,False,False,False,False,True,False,False,False,False,False,False,False,False,False,False,False
32,2,86.6,144.6,63.9,50.8,1819,92,2.91,3.41,9.2,76,6000,31,38,6855.0,0.8172043010752689,23.623376623376622,34.5,0.05054945054945055,469388.95199999993,0.598893499308437,8.832879460277615,0,0,1,True,False,True,False,True,False,False,True,False,False,False,False,True,False,False,False,False,True,False,False,False,False,False,False,False,False,False,False,False
33,1,93.7,150.0,64.0,52.6,1837,79,2.91,3.07,10.1,60,5500,38,42,5399.0,0.75,30.114754098360656,40.0,0.04298150163220892,504960.0,0.6246666666666667,8.594154232552366,0,0,1,True,False,True,False,True,False,False,True,False,False,False,False,True,False,False,False,False,True,False,False,False,False,False,False,False,False,False,False,False
34,1,93.7,150.0,64.0,52.6,1940,92,2.91,3.41,9.2,76,6000,30,34,6529.0,0.8172043010752689,25.194805194805195,32.0,0.04739824832560536,504960.0,0.6246666666666667,8.784162222270476,0,0,0,True,False,True,False,True,False,False,True,False,False,False,False,True,False,False,False,False,True,False,False,False,False,False,False,False,False,False,False,False
35,1,93.7,150.0,64.0,52.6,1956,92,2.91,3.41,9.2,76,6000,30,34,7129.0,0.8172043010752689,25.4025974025974,32.0,0.04701073071027082,504960.0,0.6246666666666667,8.872066513408342,0,0,0,True,False,True,False,True,False,False,True,False,False,False,False,True,False,False,False,False,True,False,False,False,False,False,False,False,False,False,False,False
36,0,96.5,163.4,64.0,54.5,2010,92,2.91,3.41,9.2,76,6000,30,34,7295.0,0.8172043010752689,26.103896103896105,32.0,0.04574838388861263,569939.2000000001,0.5905752753977968,8.895081531754167,0,0,0,True,False,False,False,False,True,False,True,False,False,False,False,True,False,False,False,False,True,False,False,False,False,False,False,False,False,False,False,False
37,0,96.5,157.1,63.9,58.3,2024,92,2.92,3.41,9.2,76,6000,30,34,7295.0,0.8172043010752689,26.285714285714285,32.0,0.0454320987654321,585255.6269999999,0.614258434118396,8.895081531754167,0,0,0,True,False,False,False,False,False,True,True,False,False,False,False,True,False,False,False,False,True,False,False,False,False,False,False,False,False,False,False,False
38,0,96.5,167.5,65.2,53.3,2236,110,3.15,3.58,9.0,86,5800,27,33,7895.0,0.7747747747747747,25.701149425287355,30.0,0.04917299955297273,582089.2999999999,0.5761194029850746,8.974111581113318,0,0,0,True,False,True,False,True,False,False,True,False,False,False,False,True,False,False,False,False,True,False,False,False,False,False,False,False,False,False,False,False
39,0,96.5,167.5,65.2,53.3,2289,110,3.15,3.58,9.0,86,5800,27,33,9095.0,0.7747747747747747,26.310344827586206,30.0,0.048034934497816595,582089.2999999999,0.5761194029850746,9.115590035430372,0,0,0,True,False,True,False,True,False,False,True,False,False,False,False,True,False,False,False,False,True,False,False,False,False,False,False,False,False,False,False,False
40,0,96.5,175.4,65.2,54.1,2304,110,3.15,3.58,9.0,86,5800,27,33,8845.0,0.7747747747747747,26.482758620689655,30.0,0.04772234273318872,618691.9280000001,0.5501710376282782,9.087720658428273,0,0,0,True,False,False,False,False,True,False,True,False,False,False,False,True,False,False,False,False,True,False,False,False,False,False,False,False,False,False,False,False
41,0,96.5,175.4,62.5,54.1,2372,110,3.15,3.58,9.0,86,5800,27,33,10295.0,0.7747747747747747,27.264367816091955,30.0,0.046354825115887066,593071.25,0.5501710376282782,9.239510749275963,0,0,0,True,False,False,False,False,True,False,True,False,False,False,False,True,False,False,False,False,True,False,False,False,False,False,False,False,False,False,False,False
42,0,96.5,175.4,65.2,54.1,2465,110,3.15,3.58,9.0,101,5800,24,28,12945.0,0.9099099099099099,24.166666666666668,26.0,0.04460665044606651,618691.9280000001,0.5501710376282782,9.468542139105455,0,0,0,True,False,False,False,False,True,False,True,False,False,False,False,True,False,False,False,False,True,False,False,False,False,False,False,False,False,True,False,False
43,1,96.5,169.1,66.0,51.0,2293,110,3.15,3.58,9.1,100,5500,25,31,10345.0,0.9009009009009009,22.702970297029704,28.0,0.04795117698343505,569190.6,0.5706682436428149,9.24435525056346,0,0,0,True,False,True,False,False,True,False,True,False,False,False,False,True,False,False,False,False,True,False,False,False,False,True,False,False,False,False,False,False
44,0,94.3,170.7,61.8,53.5,2337,111,3.31,3.23,8.5,78,4800,24,29,6785.0,0.6964285714285714,29.582278481012658,26.5,0.0474764756201882,564385.4099999999,0.552431165787932,8.822616945344176,0,0,0,True,False,False,False,False,True,False,False,True,False,False,False,True,False,False,False,False,True,False,False,False,False,True,False,False,False,False,False,False
45,1,94.5,155.9,63.6,52.0,1874,90,3.03,3.11,9.6,70,5400,38,43,8916.5,0.7692307692307693,26.3943661971831,40.5,0.048,515592.48,0.6061577934573444,9.095770917233047,0,0,1,True,False,True,False,False,True,False,True,False,False,False,False,True,False,False,False,False,True,False,False,False,False,True,False,False,False,False,False,False
46,0,94.5,155.9,63.6,52.0,1909,90,3.03,3.11,9.6,70,5400,38,43,8916.5,0.7692307692307693,26.887323943661972,40.5,0.04712041884816754,515592.48,0.6061577934573444,9.095770917233047,0,0,1,True,False,False,False,False,True,False,True,False,False,False,False,True,False,False,False,False,True,False,False,False,False,True,False,False,False,False,False,False
47,2,96.0,172.6,65.2,51.4,2734,119,3.43,3.23,9.2,90,5000,24,29,11048.0,0.75,30.043956043956044,26.5,0.043510054844606946,578430.928,0.5561993047508691,9.310095205113175,0,0,0,True,False,True,False,True,False,False,False,True,False,False,False,True,False,False,False,False,True,False,False,False,False,False,False,False,False,False,False,True
48,0,113.0,199.6,69.6,52.8,4066,258,3.63,4.17,8.1,176,4750,15,19,32250.0,0.6795366795366795,22.971751412429377,17.0,0.0634374231620359,733506.0479999998,0.5661322645290582,10.381304329495126,1,1,0,True,False,False,False,False,True,False,False,True,False,False,False,False,False,False,False,False,False,True,False,False,False,False,False,False,False,True,False,False
49,0,113.0,199.6,69.6,52.8,4066,258,3.63,4.17,8.1,176,4750,15,19,35550.0,0.6795366795366795,22.971751412429377,17.0,0.0634374231620359,733506.0479999998,0.5661322645290582,10.47872356423098,1,1,0,True,False,False,False,False,True,False,False,True,False,False,False,False,False,False,False,False,False,True,False,False,False,False,False,False,False,True,False,False
50,0,102.0,191.7,70.6,47.8,3950,326,3.54,2.76,11.5,262,5000,13,17,36000.0,0.8012232415902141,15.019011406844106,15.0,0.08251075677043786,646926.1559999998,0.5320813771517997,10.491301994830229,1,1,0,True,False,True,False,False,True,False,False,True,False,False,False,False,False,True,False,False,False,False,False,True,False,False,False,False,False,True,False,False
51,1,93.1,159.1,64.2,54.1,1890,91,3.03,3.15,9.0,68,5000,30,31,5195.0,0.7391304347826086,27.391304347826086,30.5,0.048122686409307246,552589.302,0.5851665619107479,8.55564437779049,0,0,0,True,False,True,False,True,False,False,True,False,False,False,False,True,False,False,False,False,True,False,False,False,False,True,False,False,False,False,False,False
52,1,93.1,159.1,64.2,54.1,1900,91,3.03,3.15,9.0,68,5000,31,38,6095.0,0.7391304347826086,27.536231884057973,34.5,0.047869542346133616,552589.302,0.5851665619107479,8.715388097366482,0,0,1,True,False,True,False,True,False,False,True,False,False,False,False,True,False,False,False,False,True,False,False,False,False,True,False,False,False,False,False,False
53,1,93.1,159.1,64.2,54.1,1905,91,3.03,3.15,9.0,68,5000,31,38,6795.0,0.7391304347826086,27.608695652173914,34.5,0.047743966421825816,552589.302,0.5851665619107479,8.824089482791823,0,0,1,True,False,True,False,True,False,False,True,False,False,False,False,True,False,False,False,False,True,False,False,False,False,True,False,False,False,False,False,False
54,1,93.1,166.8,64.2,54.1,1945,91,3.03,3.15,9.0,68,5000,31,38,6695.0,0.7391304347826086,28.18840579710145,34.5,0.046762589928057555,579333.0960000001,0.5581534772182254,8.80926561216931,0,0,1,True,False,False,False,False,True,False,True,False,False,False,False,True,False,False,False,False,True,False,False,False,False,True,False,False,False,False,False,False
55,1,93.1,166.8,64.2,54.1,1950,91,3.08,3.15,9.0,68,5000,31,38,7395.0,0.7391304347826086,28.26086956521739,34.5,0.04664274730907227,579333.0960000001,0.5581534772182254,8.908694592507015,0,0,1,True,False,False,False,False,True,False,True,False,False,False,False,True,False,False,False,False,True,False,False,False,False,True,False,False,False,False,False,False
56,3,95.3,169.0,65.7,49.6,2380,70,3.33,3.255,9.4,101,6000,17,23,10945.0,1.4225352112676057,23.333333333333332,20.0,0.029399412011759767,550723.68,0.563905325443787,9.300729371703863,0,0,0,True,False,True,False,True,False,False,False,True,False,False,False,False,False,False,True,False,False,False,False,False,True,False,True,False,False,False,False,False
57,3,95.3,169.0,65.7,49.6,2380,70,3.33,3.255,9.4,101,6000,17,23,11845.0,1.4225352112676057,23.333333333333332,20.0,0.029399412011759767,550723.68,0.563905325443787,9.37974553683691,0,0,0,True,False,True,False,True,False,False,False,True,False,False,False,False,False,False,True,False,False,False,False,False,True,False,True,False,False,False,False,False
58,3,95.3,169.0,65.7,49.6,2385,70,3.33,3.255,9.4,101,6000,17,23,13645.0,1.4225352112676057,23.38235294117647,20.0,0.02933780385582565,550723.68,0.563905325443787,9.52120171737537,0,0,0,True,False,True,False,True,False,False,False,True,False,False,False,False,False,False,True,False,False,False,False,False,True,False,True,False,False,False,False,False
59,3,95.3,169.0,65.7,49.6,2500,80,3.33,3.255,9.4,135,6000,16,23,15645.0,1.6666666666666667,18.38235294117647,19.5,0.03198720511795282,550723.68,0.563905325443787,9.657970572245025,0,0,0,True,False,True,False,True,False,False,False,True,False,False,False,False,False,False,True,False,False,False,False,False,True,False,False,False,False,True,False,False
60,1,98.8,177.8,66.5,53.7,2385,122,3.39,3.39,8.6,84,4800,26,32,8845.0,0.6829268292682927,28.058823529411764,29.0,0.05113160100586756,634932.6900000001,0.5556805399325084,9.087720658428273,0,0,0,True,False,True,False,True,False,False,True,False,False,False,False,True,False,False,False,False,True,False,False,False,False,True,False,False,False,False,False,False
61,0,98.8,177.8,66.5,55.5,2410,122,3.39,3.39,8.6,84,4800,26,32,8495.0,0.6829268292682927,28.352941176470587,29.0,0.05060141020323517,656215.3500000001,0.5556805399325084,9.04735074348172,0,0,0,True,False,False,False,False,True,False,True,False,False,False,False,True,False,False,False,False,True,False,False,False,False,True,False,False,False,False,False,False
62,1,98.8,177.8,66.5,53.7,2385,122,3.39,3.39,8.6,84,4800,26,32,10595.0,0.6829268292682927,28.058823529411764,29.0,0.05113160100586756,634932.6900000001,0.5556805399325084,9.26823185039196,0,0,0,True,False,True,False,True,False,False,True,False,False,False,False,True,False,False,False,False,True,False,False,False,False,True,False,False,False,False,False,False
63,0,98.8,177.8,66.5,55.5,2410,122,3.39,3.39,8.6,84,4800,26,32,10245.0,0.6829268292682927,28.352941176470587,29.0,0.05060141020323517,656215.3500000001,0.5556805399325084,9.234642664499148,0,0,0,True,False,False,False,False,True,False,True,False,False,False,False,True,False,False,False,False,True,False,False,False,False,True,False,False,False,False,False,False
64,0,98.8,177.8,66.5,55.5,2443,122,3.39,3.39,22.7,64,4650,36,42,10795.0,0.5203252032520326,37.58461538461538,39.0,0.04991816693944354,656215.3500000001,0.5556805399325084,9.286930974137896,0,0,1,False,False,False,False,False,True,False,True,False,False,False,False,True,False,False,False,False,True,False,False,False,False,False,False,True,False,False,False,False
65,0,98.8,177.8,66.5,55.5,2425,122,3.39,3.39,8.6,84,4800,26,32,11245.0,0.6829268292682927,28.529411764705884,29.0,0.05028854080791426,656215.3500000001,0.5556805399325084,9.327767788852148,0,0,0,True,False,False,False,True,False,False,True,False,False,False,False,True,False,False,False,False,True,False,False,False,False,True,False,False,False,False,False,False
66,0,104.9,175.0,66.1,54.4,2670,140,3.76,3.16,8.0,120,5000,19,27,18280.0,0.851063829787234,22.06611570247934,23.0,0.05241482590789966,629271.9999999999,0.5994285714285714,9.813617548107086,0,0,0,True,False,False,False,False,True,False,False,True,False,False,False,True,False,False,False,False,True,False,False,False,False,False,False,False,False,True,False,False
67,0,104.9,175.0,66.1,54.4,2700,134,3.43,3.64,22.0,72,4200,31,39,18344.0,0.5333333333333333,36.986301369863014,35.0,0.04961125509070714,629271.9999999999,0.5994285714285714,9.817112336789382,0,0,1,False,False,False,False,False,True,False,False,True,False,False,False,True,False,False,False,False,True,False,False,False,False,False,False,True,False,False,False,False
68,-1,110.0,190.9,70.3,56.5,3515,183,3.58,3.64,21.5,123,4350,22,25,25552.0,0.6684782608695652,28.346774193548388,23.5,0.05204778156996587,758245.255,0.5762179151388162,10.14851000556878,1,0,0,False,True,False,False,False,True,False,False,True,False,False,False,True,False,False,False,True,False,False,False,False,False,False,False,True,False,False,False,False
69,-1,110.0,190.9,70.3,58.7,3750,183,3.58,3.64,21.5,123,4350,22,25,28248.0,0.6684782608695652,30.241935483870968,23.5,0.04878699013596374,787769.849,0.5762179151388162,10.248813337717966,1,0,0,False,True,False,False,False,False,True,False,True,False,False,False,True,False,False,False,True,False,False,False,False,False,False,False,True,False,False,False,False
70,0,106.7,187.5,70.3,54.9,3495,183,3.58,3.64,21.5,123,4350,22,25,28176.0,0.6684782608695652,28.18548387096774,23.5,0.05234553775743707,723650.625,0.5690666666666667,10.246261321304372,1,0,0,False,True,True,True,False,False,False,False,True,False,False,False,True,False,False,False,True,False,False,False,False,False,False,False,True,False,False,False,False
71,-1,115.6,202.6,71.7,56.3,3770,183,3.58,3.64,21.5,123,4350,22,25,31600.0,0.6684782608695652,30.403225806451612,23.5,0.04852824184566428,817837.446,0.5705824284304047,10.360944044643913,1,0,0,False,True,False,False,False,True,False,False,True,False,False,False,True,False,False,False,True,False,False,False,False,False,False,False,True,False,False,False,False
72,-1,115.6,202.6,71.7,56.5,3740,234,3.46,3.1,8.3,155,4750,16,18,34184.0,0.6595744680851063,23.974358974358974,17.0,0.06255012028869286,820742.73,0.5705824284304047,10.439542230347895,1,1,0,True,False,False,False,False,True,False,False,True,False,False,False,False,False,True,False,False,False,False,False,False,False,False,False,False,False,True,False,False
73,3,96.6,180.3,70.5,50.8,3685,234,3.46,3.1,8.3,155,4750,16,18,35056.0,0.6595744680851063,23.621794871794872,17.0,0.06348345089527943,645726.42,0.5357737104825291,10.464730587215707,1,1,0,True,False,True,False,False,False,False,False,True,False,False,False,False,False,True,False,False,False,False,False,False,False,False,False,False,False,True,False,False
74,0,120.9,208.1,71.7,56.7,3900,308,3.8,3.35,8.0,184,4500,14,16,40960.0,0.5954692556634305,21.08108108108108,15.0,0.07895411432965906,846007.6590000001,0.5809706871696301,10.620375673477872,1,1,0,True,False,False,False,False,True,False,False,True,False,False,False,False,False,True,False,False,False,False,False,False,False,False,False,False,False,True,False,False
75,1,112.0,199.2,72.0,55.4,3715,304,3.8,3.35,8.0,184,4500,14,16,45400.0,0.6032786885245902,20.08108108108108,15.0,0.08180839612486544,794568.96,0.5622489959839357,10.723289410218579,1,1,0,True,False,True,True,False,False,False,False,True,False,False,False,False,False,True,False,False,False,False,False,False,False,False,False,False,False,True,False,False
76,1,102.7,178.4,68.0,54.8,2910,140,3.78,3.12,8.0,175,5000,19,24,16503.0,1.2411347517730495,16.53409090909091,21.5,0.04809343868086568,664789.76,0.5756726457399103,9.711358054751088,0,1,0,True,True,True,False,True,False,False,False,True,False,False,False,True,False,False,False,False,True,False,False,False,False,False,False,False,False,True,False,False
77,2,93.7,157.3,64.4,50.8,1918,92,2.97,3.23,9.4,68,5500,37,41,5389.0,0.7311827956989247,27.797101449275363,39.0,0.047941636268890045,514610.096,0.5956770502225047,8.592300663903043,0,0,1,True,False,True,False,True,False,False,True,False,False,False,False,True,False,False,False,False,True,False,False,False,False,True,False,False,False,False,False,False
78,2,93.7,157.3,64.4,50.8,1944,92,2.97,3.23,9.4,68,5500,31,38,6189.0,0.7311827956989247,28.17391304347826,34.5,0.04730077120822622,514610.096,0.5956770502225047,8.730690365678642,0,0,1,True,False,True,False,True,False,False,True,False,False,False,False,True,False,False,False,False,True,False,False,False,False,True,False,False,False,False,False,False
79,2,93.7,157.3,64.4,50.8,2004,92,2.97,3.23,9.4,68,5500,31,38,6669.0,0.7311827956989247,29.043478260869566,34.5,0.04588528678304239,514610.096,0.5956770502225047,8.80537513890967,0,0,1,True,False,True,False,True,False,False,True,False,False,False,False,True,False,False,False,False,True,False,False,False,False,True,False,False,False,False,False,False
80,1,93.0,157.3,63.8,50.8,2145,98,3.03,3.39,7.6,102,5500,24,30,7689.0,1.0303030303030303,20.825242718446603,27.0,0.045666356011183594,509815.59199999995,0.5912269548633184,8.94767606249969,0,0,0,True,True,True,False,True,False,False,True,False,False,False,False,True,False,False,False,False,True,False,False,False,False,False,False,False,False,False,True,False
81,3,96.3,173.0,65.4,49.4,2370,110,3.17,3.46,7.5,116,5500,23,30,9959.0,1.045045045045045,20.256410256410255,26.5,0.046393926613243354,558921.48,0.5566473988439307,9.206332350578643,0,0,0,True,True,True,False,True,False,False,True,False,False,False,False,True,False,False,False,False,True,False,False,False,False,False,False,False,False,False,True,False
82,3,96.3,173.0,65.4,49.4,2328,122,3.35,3.46,8.5,88,5000,25,32,8499.0,0.7154471544715447,26.15730337078652,28.5,0.05238299699441821,558921.48,0.5566473988439307,9.047821442478408,0,0,0,True,False,True,False,True,False,False,True,False,False,False,False,True,False,False,False,False,True,False,False,False,False,True,False,False,False,False,False,False
83,3,95.9,173.2,66.3,50.2,2833,156,3.58,3.86,7.0,145,5000,19,24,12629.0,0.9235668789808917,19.404109589041095,21.5,0.05504587155963303,576454.632,0.5536951501154735,9.443830215344537,0,1,0,True,True,True,False,True,False,False,True,False,False,False,False,True,False,False,False,False,True,False,False,False,False,False,False,False,False,False,True,False
84,3,95.9,173.2,66.3,50.2,2921,156,3.59,3.86,7.0,145,5000,19,24,14869.0,0.9235668789808917,20.006849315068493,21.5,0.053388090349075976,576454.632,0.5536951501154735,9.6071010394542,0,1,0,True,True,True,False,True,False,False,True,False,False,False,False,True,False,False,False,False,True,False,False,False,False,False,False,False,False,False,True,False
85,3,95.9,173.2,66.3,50.2,2926,156,3.59,3.86,7.0,145,5000,19,24,14489.0,0.9235668789808917,20.041095890410958,21.5,0.05329689101469081,576454.632,0.5536951501154735,9.581214035314728,0,1,0,True,True,True,False,True,False,False,True,False,False,False,False,True,False,False,False,False,True,False,False,False,False,False,False,False,False,False,True,False
86,1,96.3,172.4,65.4,51.6,2365,122,3.35,3.46,8.5,88,5000,25,32,6989.0,0.7154471544715447,26.573033707865168,28.5,0.05156382079459002,581787.9360000001,0.558584686774942,8.852235835227855,0,0,0,True,False,False,False,False,True,False,True,False,False,False,False,True,False,False,False,False,True,False,False,False,False,True,False,False,False,False,False,False
87,1,96.3,172.4,65.4,51.6,2405,122,3.35,3.46,8.5,88,5000,25,32,8189.0,0.7154471544715447,27.02247191011236,28.5,0.05070656691604322,581787.9360000001,0.558584686774942,9.010669176847115,0,0,0,True,False,False,False,False,True,False,True,False,False,False,False,True,False,False,False,False,True,False,False,False,False,True,False,False,False,False,False,False
88,1,96.3,172.4,65.4,51.6,2403,110,3.17,3.46,7.5,116,5500,23,30,9279.0,1.045045045045045,20.53846153846154,26.5,0.045757071547420966,581787.9360000001,0.558584686774942,9.135616825780247,0,0,0,True,True,False,False,False,True,False,True,False,False,False,False,True,False,False,False,False,True,False,False,False,False,False,False,False,False,False,True,False
89,-1,96.3,172.4,65.4,51.6,2403,110,3.17,3.46,7.5,116,5500,23,30,9279.0,1.045045045045045,20.53846153846154,26.5,0.045757071547420966,581787.9360000001,0.558584686774942,9.135616825780247,0,0,0,True,False,False,False,False,True,False,True,False,False,False,False,True,False,False,False,False,True,False,False,False,False,False,False,False,False,False,True,False
90,1,94.5,165.3,63.8,54.5,1889,97,3.15,3.29,9.4,69,5200,31,37,5499.0,0.7040816326530612,26.985714285714284,34.0,0.051322751322751325,574764.63,0.5716878402903811,8.612503371220562,0,0,1,True,False,True,False,False,True,False,True,False,False,False,False,True,False,False,False,False,True,False,False,False,False,True,False,False,False,False,False,False
91,1,94.5,165.3,63.8,54.5,2017,103,2.99,3.47,21.9,55,4800,45,50,7099.0,0.5288461538461539,36.017857142857146,47.5,0.051040634291377604,574764.63,0.5716878402903811,8.867850063029406,0,0,1,False,False,True,False,False,True,False,True,False,False,False,False,True,False,False,False,False,True,False,False,False,False,False,False,True,False,False,False,False
92,1,94.5,165.3,63.8,54.5,1918,97,3.15,3.29,9.4,69,5200,31,37,6649.0,0.7040816326530612,27.4,34.0,0.05054715997915581,574764.63,0.5716878402903811,8.8023721336499,0,0,1,True,False,True,False,False,True,False,True,False,False,False,False,True,False,False,False,False,True,False,False,False,False,True,False,False,False,False,False,False
93,1,94.5,165.3,63.8,54.5,1938,97,3.15,3.29,9.4,69,5200,31,37,6849.0,0.7040816326530612,27.685714285714287,34.0,0.05002578648788035,574764.63,0.5716878402903811,8.83200393125627,0,0,1,True,False,False,False,False,True,False,True,False,False,False,False,True,False,False,False,False,True,False,False,False,False,True,False,False,False,False,False,False
94,1,94.5,170.2,63.8,53.5,2024,97,3.15,3.29,9.4,69,5200,31,37,7349.0,0.7040816326530612,28.914285714285715,34.0,0.047901234567901234,580943.6599999999,0.555229142185664,8.902455592206882,0,0,1,True,False,False,False,False,False,True,True,False,False,False,False,True,False,False,False,False,True,False,False,False,False,True,False,False,False,False,False,False
95,1,94.5,165.3,63.8,54.5,1951,97,3.15,3.29,9.4,69,5200,31,37,7299.0,0.7040816326530612,27.87142857142857,34.0,0.04969262295081967,574764.63,0.5716878402903811,8.895629627136483,0,0,1,True,False,True,False,False,True,False,True,False,False,False,False,True,False,False,False,False,True,False,False,False,False,True,False,False,False,False,False,False
96,1,94.5,165.6,63.8,53.3,2028,97,3.15,3.29,9.4,69,5200,31,37,7799.0,0.7040816326530612,28.97142857142857,34.0,0.04780680137999014,563129.4239999999,0.5706521739130435,8.961879012677683,0,0,1,True,False,True,False,True,False,False,True,False,False,False,False,True,False,False,False,False,True,False,False,False,False,True,False,False,False,False,False,False
97,1,94.5,165.3,63.8,54.5,1971,97,3.15,3.29,9.4,69,5200,31,37,7499.0,0.7040816326530612,28.15714285714286,34.0,0.049188640973630834,574764.63,0.5716878402903811,8.922658299524402,0,0,1,True,False,False,False,False,True,False,True,False,False,False,False,True,False,False,False,False,True,False,False,False,False,True,False,False,False,False,False,False
98,1,94.5,170.2,63.8,53.5,2037,97,3.15,3.29,9.4,69,5200,31,37,7999.0,0.7040816326530612,29.1,34.0,0.04759568204121688,580943.6599999999,0.555229142185664,8.987196820661973,0,0,1,True,False,False,False,False,False,True,True,False,False,False,False,True,False,False,False,False,True,False,False,False,False,True,False,False,False,False,False,False
99,2,95.1,162.4,63.8,53.3,2008,97,3.15,3.29,9.4,69,5200,31,37,8249.0,0.7040816326530612,28.685714285714287,34.0,0.04828272772523644,552247.696,0.585591133004926,9.017968479328726,0,0,1,True,False,True,True,False,False,False,True,False,False,False,False,True,False,False,False,False,True,False,False,False,False,True,False,False,False,False,False,False
100,0,97.2,173.4,65.2,54.7,2324,120,3.33,3.47,8.5,97,5200,27,34,8949.0,0.8016528925619835,23.714285714285715,30.5,0.05161290322580645,618420.696,0.5605536332179931,9.099408811268901,0,0,0,True,False,False,False,True,False,False,True,False,False,False,False,True,False,False,False,False,True,False,False,False,False,True,False,False,False,False,False,False
101,0,97.2,173.4,65.2,54.7,2302,120,3.33,3.47,8.5,97,5200,27,34,9549.0,0.8016528925619835,23.489795918367346,30.5,0.052105948762483714,618420.696,0.5605536332179931,9.164296433474776,0,0,0,True,False,False,False,False,True,False,True,False,False,False,False,True,False,False,False,False,True,False,False,False,False,True,False,False,False,False,False,False
102,0,100.4,181.7,66.5,55.1,3095,181,3.43,3.27,9.0,152,5200,17,22,13499.0,0.8351648351648352,20.22875816993464,19.5,0.058462532299741604,665776.0549999999,0.5525591634562467,9.51044496442652,0,1,0,True,False,False,False,False,True,False,True,False,False,False,False,False,False,True,False,False,False,True,False,False,False,False,False,False,False,True,False,False
103,0,100.4,184.6,66.5,56.1,3296,181,3.43,3.27,9.0,152,5200,17,22,14399.0,0.8351648351648352,21.54248366013072,19.5,0.05489839247801031,688677.99,0.5438786565547129,9.574983485564092,0,1,0,True,False,False,False,False,False,True,True,False,False,False,False,False,False,True,False,False,False,True,False,False,False,False,False,False,False,True,False,False
104,0,100.4,184.6,66.5,55.1,3060,181,3.43,3.27,9.0,152,5200,19,25,13499.0,0.8351648351648352,20.0,22.0,0.059131002940215616,676402.09,0.5438786565547129,9.51044496442652,0,1,0,True,False,False,False,False,True,False,True,False,False,False,False,False,False,True,False,False,False,True,False,False,False,False,False,False,False,True,False,False
105,3,91.3,170.7,67.9,49.7,3071,181,3.43,3.27,9.0,160,5200,19,25,17199.0,0.8791208791208791,19.074534161490682,22.0,0.058919270833333336,576049.341,0.5348564733450498,9.752664662801545,0,1,0,True,False,True,False,True,False,False,False,True,False,False,False,False,False,True,False,False,False,True,False,False,False,False,False,False,False,True,False,False
106,3,91.3,170.7,67.9,49.7,3139,181,3.43,3.27,7.8,200,5200,17,23,19699.0,1.098901098901099,15.616915422885572,20.0,0.05764331210191083,576049.341,0.5348564733450498,9.88837391472608,0,1,0,True,True,True,False,True,False,False,False,True,False,False,False,False,False,True,False,False,False,True,False,False,False,False,False,False,False,True,False,False
107,1,99.2,178.5,67.9,49.7,3139,181,3.43,3.27,9.0,160,5200,19,25,18399.0,0.8791208791208791,19.496894409937887,22.0,0.05764331210191083,602371.4550000001,0.5557422969187675,9.820105943597078,0,1,0,True,False,True,False,True,False,False,False,True,False,False,False,False,False,True,False,False,False,True,False,False,False,False,False,False,False,True,False,False
108,0,107.9,186.7,68.4,56.7,3020,120,3.46,3.19,8.4,97,5000,19,24,11900.0,0.8016528925619835,30.816326530612244,21.5,0.039721946375372394,724074.876,0.5779325120514195,9.38437770918244,0,0,0,True,False,False,False,False,True,False,False,True,False,False,True,False,False,False,False,False,True,False,False,False,False,False,False,False,False,True,False,False
109,0,107.9,186.7,68.4,56.7,3197,152,3.7,3.52,21.0,95,4150,28,33,13200.0,0.6209150326797386,33.302083333333336,30.5,0.047529706066291436,724074.876,0.5779325120514195,9.488047863280759,0,0,0,False,True,False,False,False,True,False,False,True,False,False,True,False,False,False,False,False,True,False,False,False,False,False,False,True,False,False,False,False
110,0,114.2,198.9,68.4,58.7,3230,120,3.46,3.19,8.4,97,5000,19,24,12440.0,0.8016528925619835,32.95918367346939,21.5,0.03714020427112349,798599.4120000001,0.5741578682755153,9.42875274891449,0,0,0,True,False,False,False,False,False,True,False,True,False,False,True,False,False,False,False,False,True,False,False,False,False,False,False,False,False,True,False,False
111,0,114.2,198.9,68.4,58.7,3430,152,3.7,3.52,21.0,95,4150,25,25,13860.0,0.6209150326797386,35.729166666666664,25.0,0.04430195278344506,798599.4120000001,0.5741578682755153,9.536834420213353,0,0,0,False,True,False,False,False,False,True,False,True,False,False,True,False,False,False,False,False,True,False,False,False,False,False,False,True,False,False,False,False
112,0,107.9,186.7,68.4,56.7,3075,120,3.46,2.19,8.4,95,5000,19,24,15580.0,0.7851239669421488,32.03125,21.5,0.03901170351105332,724074.876,0.5779325120514195,9.653807502217354,0,0,0,True,False,False,False,False,True,False,False,True,False,False,True,False,False,False,False,False,True,False,False,False,False,False,False,False,False,True,False,False
113,0,107.9,186.7,68.4,56.7,3252,152,3.7,3.52,21.0,95,4150,28,33,16900.0,0.6209150326797386,33.875,30.5,0.0467260989855518,724074.876,0.5779325120514195,9.735128070758227,0,0,0,False,True,False,False,False,True,False,False,True,False,False,True,False,False,False,False,False,True,False,False,False,False,False,False,True,False,False,False,False
114,0,114.2,198.9,68.4,56.7,3285,120,3.46,2.19,8.4,95,5000,19,24,16695.0,0.7851239669421488,34.21875,21.5,0.036518563603164945,771389.8920000001,0.5741578682755153,9.722924448757036,0,0,0,True,False,False,False,False,False,True,False,True,False,False,True,False,False,False,False,False,True,False,False,False,False,False,False,False,False,True,False,False
115,0,114.2,198.9,68.4,58.7,3485,152,3.7,3.52,21.0,95,4150,25,25,17075.0,0.6209150326797386,36.302083333333336,25.0,0.04360298336201951,798599.4120000001,0.5741578682755153,9.745429247877853,0,0,0,False,True,False,False,False,False,True,False,True,False,False,True,False,False,False,False,False,True,False,False,False,False,False,False,True,False,False,False,False
116,0,107.9,186.7,68.4,56.7,3075,120,3.46,3.19,8.4,97,5000,19,24,16630.0,0.8016528925619835,31.377551020408163,21.5,0.03901170351105332,724074.876,0.5779325120514195,9.71902370267014,0,0,0,True,False,False,False,False,True,False,False,True,False,False,True,False,False,False,False,False,True,False,False,False,False,False,False,False,False,True,False,False
117,0,107.9,186.7,68.4,56.7,3252,152,3.7,3.52,21.0,95,4150,28,33,17950.0,0.6209150326797386,33.875,30.5,0.0467260989855518,724074.876,0.5779325120514195,9.79540110267107,0,0,0,False,True,False,False,False,True,False,False,True,False,False,True,False,False,False,False,False,True,False,False,False,False,False,False,True,False,False,False,False
118,0,108.0,186.7,68.3,56.0,3130,134,3.61,3.21,7.0,142,5600,18,24,18150.0,1.0518518518518518,21.888111888111887,21.0,0.04279782816991377,714090.1599999999,0.578468130690948,9.806480934593978,0,1,0,True,True,False,False,False,True,False,False,True,False,False,True,False,False,False,False,False,True,False,False,False,False,False,False,False,False,True,False,False
119,1,93.7,157.3,63.8,50.8,1918,90,2.97,3.23,9.4,68,5500,37,41,5572.0,0.7472527472527473,27.797101449275363,39.0,0.04689942678478374,509815.59199999995,0.5956770502225047,8.625688787569537,0,0,1,True,False,True,False,True,False,False,True,False,False,False,False,True,False,False,False,False,True,False,False,False,False,True,False,False,False,False,False,False
120,1,93.7,157.3,63.8,50.8,2128,98,3.03,3.39,7.6,102,5500,24,30,7957.0,1.0303030303030303,20.660194174757283,27.0,0.046031000469704084,509815.59199999995,0.5956770502225047,8.981932990986873,0,0,0,True,True,True,False,True,False,False,True,False,False,False,False,True,False,False,False,False,True,False,False,False,False,False,False,False,False,False,True,False
121,1,93.7,157.3,63.8,50.6,1967,90,2.97,3.23,9.4,68,5500,31,38,6229.0,0.7472527472527473,28.507246376811594,34.5,0.04573170731707317,507808.444,0.5956770502225047,8.737131611781498,0,0,1,True,False,False,False,True,False,False,True,False,False,False,False,True,False,False,False,False,True,False,False,False,False,True,False,False,False,False,False,False
122,1,93.7,167.3,63.8,50.8,1989,90,2.97,3.23,9.4,68,5500,31,38,6692.0,0.7472527472527473,28.82608695652174,34.5,0.04522613065326633,542225.992,0.5600717274357442,8.808817483100642,0,0,1,True,False,False,False,False,True,False,True,False,False,False,False,True,False,False,False,False,True,False,False,False,False,True,False,False,False,False,False,False
123,1,93.7,167.3,63.8,50.8,2191,98,2.97,3.23,9.4,68,5500,31,38,7609.0,0.6868686868686869,31.753623188405797,34.5,0.04470802919708029,542225.992,0.5600717274357442,8.937218450855731,0,0,1,True,False,False,False,False,True,False,True,False,False,False,False,True,False,False,False,False,True,False,False,False,False,True,False,False,False,False,False,False
124,-1,103.3,174.6,64.6,59.8,2535,122,3.35,3.46,8.5,88,5000,24,30,8921.0,0.7154471544715447,28.48314606741573,27.0,0.04810725552050473,674493.7679999998,0.5916380297823597,9.09627541568821,0,0,0,True,False,False,False,False,False,True,True,False,False,False,False,True,False,False,False,False,True,False,False,False,False,True,False,False,False,False,False,False
125,3,95.9,173.2,66.3,50.2,2818,156,3.59,3.86,7.0,145,5000,19,24,12764.0,0.9235668789808917,19.301369863013697,21.5,0.05533877261440227,576454.632,0.5536951501154735,9.454462329675584,0,1,0,True,True,True,False,True,False,False,False,True,False,False,False,True,False,False,False,False,True,False,False,False,False,False,False,False,False,False,True,False
126,3,94.5,168.9,68.3,50.2,2778,151,3.94,3.11,9.5,143,5500,19,27,22018.0,0.9407894736842105,19.291666666666668,23.0,0.05433609211946743,579100.6740000001,0.5595026642984015,9.999660995984785,1,1,0,True,False,True,False,True,False,False,False,True,False,False,False,True,False,False,False,False,True,False,False,False,False,False,False,False,False,True,False,False
127,3,89.5,168.9,65.0,51.6,2756,194,3.74,2.9,9.5,207,5900,17,25,32528.0,1.0615384615384615,13.25,21.0,0.07036634022488211,566490.6,0.5298993487270575,10.389887278140291,1,1,0,True,False,True,True,False,False,False,False,True,True,False,False,False,True,False,False,False,False,True,False,False,False,False,False,False,False,True,False,False
128,3,89.5,168.9,65.0,51.6,2756,194,3.74,2.9,9.5,207,5900,17,25,34028.0,1.0615384615384615,13.25,21.0,0.07036634022488211,566490.6,0.5298993487270575,10.434968381227153,1,1,0,True,False,True,True,False,False,False,False,True,True,False,False,False,True,False,False,False,False,True,False,False,False,False,False,False,False,True,False,False
129,3,89.5,168.9,65.0,51.6,2800,194,3.74,2.9,9.5,207,5900,17,25,37028.0,1.0615384615384615,13.461538461538462,21.0,0.06926097822206355,566490.6,0.5298993487270575,10.519456668412039,1,1,0,True,False,True,False,False,False,False,False,True,True,False,False,False,True,False,False,False,False,True,False,False,False,False,False,False,False,True,False,False
130,1,98.4,175.7,72.3,50.5,3366,203,3.94,3.11,10.0,288,5750,17,28,31400.5,1.411764705882353,11.647058823529411,22.5,0.060291060291060294,641507.0549999999,0.560045532157086,10.354610941455999,1,1,0,True,False,True,False,True,False,False,False,True,False,True,False,False,False,False,False,False,False,False,False,False,False,False,False,False,False,True,False,False
131,0,96.1,181.5,66.5,55.2,2579,132,3.46,3.9,8.7,90,5100,23,31,9295.0,0.6766917293233082,28.34065934065934,27.0,0.05116279069767442,666250.2000000001,0.5294765840220386,9.137339479091693,0,0,0,True,False,False,False,False,False,True,True,False,False,False,False,True,False,False,False,False,True,False,False,False,False,False,False,False,False,True,False,False
132,2,96.1,176.8,66.6,50.5,2460,132,3.46,3.9,8.7,90,5100,23,31,9895.0,0.6766917293233082,27.032967032967033,27.0,0.053636733035351485,594631.44,0.543552036199095,9.199885914072324,0,0,0,True,False,True,False,True,False,False,True,False,False,False,False,True,False,False,False,False,True,False,False,False,False,False,False,False,False,True,False,False
133,3,99.1,186.6,66.5,56.1,2658,121,3.54,3.07,9.31,110,5250,21,28,11850.0,0.9016393442622951,23.945945945945947,24.5,0.04550582925911997,696139.29,0.5310825294748124,9.380167531188448,0,0,0,True,False,True,False,True,False,False,True,False,False,False,False,True,False,False,False,False,True,False,False,False,False,False,False,False,False,True,False,False
134,2,99.1,186.6,66.5,56.1,2695,121,3.54,3.07,9.3,110,5250,21,28,12170.0,0.9016393442622951,24.27927927927928,24.5,0.0448813056379822,696139.29,0.5310825294748124,9.406811351874557,0,0,0,True,False,False,False,False,True,False,True,False,False,False,False,True,False,False,False,False,True,False,False,False,False,False,False,False,False,True,False,False
135,3,99.1,186.6,66.5,56.1,2707,121,2.54,2.07,9.3,110,5250,21,28,15040.0,0.9016393442622951,24.38738738738739,24.5,0.044682422451994094,696139.29,0.5310825294748124,9.618535084655214,0,0,0,True,False,True,False,True,False,False,True,False,False,False,False,True,False,False,False,False,True,False,False,False,False,False,False,False,False,True,False,False
136,2,99.1,186.6,66.5,56.1,2758,121,3.54,3.07,9.3,110,5250,21,28,15510.0,0.9016393442622951,24.846846846846848,24.5,0.04385646973541138,696139.29,0.5310825294748124,9.64930472862475,0,0,0,True,False,False,False,False,True,False,True,False,False,False,False,True,False,False,False,False,True,False,False,False,False,False,False,False,False,True,False,False
137,3,99.1,186.6,66.5,56.1,2808,121,3.54,3.07,9.0,160,5500,19,26,18150.0,1.3114754098360655,17.440993788819874,22.5,0.04307582769668921,696139.29,0.5310825294748124,9.806480934593978,0,1,0,True,True,True,False,True,False,False,True,False,False,False,False,False,False,False,False,False,True,False,False,False,False,False,False,False,False,True,False,False
138,2,99.1,186.6,66.5,56.1,2847,121,3.54,3.07,9.0,160,5500,19,26,18620.0,1.3114754098360655,17.683229813664596,22.5,0.042485955056179775,696139.29,0.5310825294748124,9.832045255081763,0,1,0,True,True,False,False,False,True,False,True,False,False,False,False,False,False,False,False,False,True,False,False,False,False,False,False,False,False,True,False,False
139,2,93.7,156.9,63.4,53.7,2050,97,3.62,2.36,9.0,69,4900,31,36,5118.0,0.7040816326530612,29.285714285714285,33.5,0.04729400292540224,534178.6020000001,0.5971956660293181,8.540714386457584,0,0,1,True,False,True,False,True,False,False,True,False,False,False,False,False,True,False,False,False,True,False,False,False,False,True,False,False,False,False,False,False
140,2,93.7,157.9,63.6,53.7,2120,108,3.62,2.64,8.7,73,4400,26,31,7053.0,0.6697247706422018,28.64864864864865,28.5,0.05091937765205092,539279.028,0.5934135528815706,8.861350110795998,0,0,0,True,False,True,False,True,False,False,True,False,False,False,False,False,True,False,False,False,True,False,False,False,False,True,False,False,False,False,False,False
141,2,93.3,157.3,63.8,55.7,2240,108,3.62,2.64,8.7,73,4400,26,31,7603.0,0.6697247706422018,30.27027027027027,28.5,0.04819277108433735,558990.718,0.593134138588684,8.93642970360832,0,0,0,True,False,True,False,True,False,False,False,False,False,False,False,False,True,False,False,False,True,False,False,False,False,True,False,False,False,False,False,False
142,0,97.2,172.0,65.4,52.5,2145,108,3.62,2.64,9.5,82,4800,32,37,7126.0,0.7522935779816514,25.843373493975903,34.5,0.05032618825722274,590562.0,0.5651162790697675,8.871645667501872,0,0,1,True,False,False,False,False,True,False,True,False,False,False,False,False,True,False,False,False,True,False,False,False,False,True,False,False,False,False,False,False
143,0,97.2,172.0,65.4,52.5,2190,108,3.62,2.64,9.5,82,4400,28,33,7775.0,0.7522935779816514,26.3855421686747,30.5,0.0492925604746691,590562.0,0.5651162790697675,8.958797346140274,0,0,0,True,False,False,False,False,True,False,True,False,False,False,False,False,True,False,False,False,True,False,False,False,False,True,False,False,False,False,False,False
144,0,97.2,172.0,65.4,52.5,2340,108,3.62,2.64,9.0,94,5200,26,32,9960.0,0.8623853211009175,24.63157894736842,29.0,0.04613413071337035,590562.0,0.5651162790697675,9.206432747145165,0,0,0,True,False,False,False,False,True,False,True,False,False,False,False,False,True,False,False,False,True,False,False,False,False,False,False,False,False,True,False,False
145,0,97.0,172.0,65.4,54.3,2385,108,3.62,2.64,9.0,82,4800,24,25,9233.0,0.7522935779816514,28.734939759036145,24.5,0.04526404023470243,610809.8400000001,0.563953488372093,9.130647603066935,0,0,0,True,False,False,False,False,True,False,False,False,False,False,False,False,True,False,False,False,True,False,False,False,False,True,False,False,False,False,False,False
146,0,97.0,172.0,65.4,54.3,2510,108,3.62,2.64,7.7,111,4800,24,29,11259.0,1.018348623853211,22.410714285714285,26.5,0.043010752688172046,610809.8400000001,0.563953488372093,9.329011901693681,0,0,0,True,True,False,False,False,True,False,False,False,False,False,False,False,True,False,False,False,True,False,False,False,False,False,False,False,False,True,False,False
147,0,97.0,173.5,65.4,53.0,2290,108,3.62,2.64,9.0,82,4800,28,32,7463.0,0.7522935779816514,27.59036144578313,30.0,0.04714098646879092,601385.7000000001,0.5590778097982709,8.91784674252718,0,0,0,True,False,False,False,False,False,True,True,False,False,False,False,False,True,False,False,False,True,False,False,False,False,True,False,False,False,False,False,False
148,0,97.0,173.5,65.4,53.0,2455,108,3.62,2.64,9.0,94,5200,25,31,10198.0,0.8623853211009175,25.842105263157894,28.0,0.043973941368078175,601385.7000000001,0.5590778097982709,9.230044955250518,0,0,0,True,False,False,False,False,False,True,True,False,False,False,False,False,True,False,False,False,True,False,False,False,False,False,False,False,False,True,False,False
149,0,96.9,173.6,65.4,54.9,2420,108,3.62,2.64,9.0,82,4800,23,29,8013.0,0.7522935779816514,29.156626506024097,26.0,0.04460966542750929,623303.856,0.5581797235023042,8.98894529119609,0,0,0,True,False,False,False,False,False,True,False,False,False,False,False,False,True,False,False,False,True,False,False,False,False,True,False,False,False,False,False,False
150,0,96.9,173.6,65.4,54.9,2650,108,3.62,2.64,7.7,111,4800,23,23,11694.0,1.018348623853211,23.660714285714285,23.0,0.04073934364390796,623303.856,0.5581797235023042,9.36691667901828,0,0,0,True,True,False,False,False,False,True,False,False,False,False,False,False,True,False,False,False,True,False,False,False,False,False,False,False,False,True,False,False
151,1,95.7,158.7,63.6,54.5,1985,92,3.05,3.03,9.0,62,4800,35,39,5348.0,0.6666666666666666,31.50793650793651,37.0,0.04632426988922457,550085.94,0.6030245746691872,8.58466490653125,0,0,1,True,False,True,False,True,False,False,True,False,False,False,False,True,False,False,False,False,True,False,False,False,False,True,False,False,False,False,False,False
152,1,95.7,158.7,63.6,54.5,2040,92,3.05,3.03,9.0,62,4800,31,38,6338.0,0.6666666666666666,32.38095238095238,34.5,0.04507594316511514,550085.94,0.6030245746691872,8.754476306284166,0,0,1,True,False,True,False,True,False,False,True,False,False,False,False,True,False,False,False,False,True,False,False,False,False,True,False,False,False,False,False,False
153,1,95.7,158.7,63.6,54.5,2015,92,3.05,3.03,9.0,62,4800,31,38,6488.0,0.6666666666666666,31.984126984126984,34.5,0.04563492063492063,550085.94,0.6030245746691872,8.77786371462117,0,0,1,True,False,False,False,True,False,False,True,False,False,False,False,True,False,False,False,False,True,False,False,False,False,True,False,False,False,False,False,False
154,0,95.7,169.7,63.6,59.1,2280,92,3.05,3.03,9.0,62,4800,31,37,6918.0,0.6666666666666666,36.19047619047619,34.0,0.040333187198597104,637861.572,0.5639363582793165,8.842026529498812,0,0,1,True,False,False,False,False,False,True,True,False,False,False,False,True,False,False,False,False,True,False,False,False,False,True,False,False,False,False,False,False
155,0,95.7,169.7,63.6,59.1,2290,92,3.05,3.03,9.0,62,4800,27,32,7898.0,0.6666666666666666,36.34920634920635,29.5,0.04015713662156264,637861.572,0.5639363582793165,8.97449144816442,0,0,0,True,False,False,False,False,False,True,False,False,False,False,False,True,False,False,False,False,True,False,False,False,False,True,False,False,False,False,False,False
156,0,95.7,169.7,63.6,59.1,3110,92,3.05,3.03,9.0,62,4800,27,32,8778.0,0.6666666666666666,49.36507936507937,29.5,0.029572484731597556,637861.572,0.5639363582793165,9.080117784926209,0,0,0,True,False,False,False,False,False,True,False,False,False,False,False,True,False,False,False,False,True,False,False,False,False,True,False,False,False,False,False,False
157,0,95.7,166.3,64.4,53.0,2081,98,3.19,3.03,9.0,70,4800,30,37,6938.0,0.7070707070707071,29.309859154929576,33.5,0.04707012487992315,567615.16,0.5754660252555622,8.844912950899548,0,0,0,True,False,False,False,False,True,False,True,False,False,False,False,True,False,False,False,False,True,False,False,False,False,True,False,False,False,False,False,False
158,0,95.7,166.3,64.4,52.8,2109,98,3.19,3.03,9.0,70,4800,30,37,7198.0,0.7070707070707071,29.704225352112676,33.5,0.046445497630331754,565473.216,0.5754660252555622,8.881697406469304,0,0,0,True,False,False,False,True,False,False,True,False,False,False,False,True,False,False,False,False,True,False,False,False,False,True,False,False,False,False,False,False
159,0,95.7,166.3,64.4,53.0,2275,110,3.27,3.35,22.5,56,4500,34,36,7898.0,0.5045045045045045,39.91228070175438,35.0,0.048330404217926184,567615.16,0.5754660252555622,8.97449144816442,0,0,1,False,False,False,False,False,True,False,True,False,False,False,False,True,False,False,False,False,True,False,False,False,False,False,False,True,False,False,False,False
160,0,95.7,166.3,64.4,52.8,2275,110,3.27,3.35,22.5,56,4500,38,47,7788.0,0.5045045045045045,39.91228070175438,42.5,0.048330404217926184,565473.216,0.5754660252555622,8.960467760919949,0,0,1,False,False,False,False,True,False,False,True,False,False,False,False,True,False,False,False,False,True,False,False,False,False,False,False,True,False,False,False,False
161,0,95.7,166.3,64.4,53.0,2094,98,3.19,3.03,9.0,70,4800,38,47,7738.0,0.7070707070707071,29.492957746478872,42.5,0.04677804295942721,567615.16,0.5754660252555622,8.95402775927046,0,0,1,True,False,False,False,False,True,False,True,False,False,False,False,True,False,False,False,False,True,False,False,False,False,True,False,False,False,False,False,False
162,0,95.7,166.3,64.4,52.8,2122,98,3.19,3.03,9.0,70,4800,28,34,8358.0,0.7070707070707071,29.887323943661972,31.0,0.046161092793217146,565473.216,0.5754660252555622,9.031094081699155,0,0,0,True,False,False,False,True,False,False,True,False,False,False,False,True,False,False,False,False,True,False,False,False,False,True,False,False,False,False,False,False
163,0,95.7,166.3,64.4,52.8,2140,98,3.19,3.03,9.0,70,4800,28,34,9258.0,0.7070707070707071,30.140845070422536,31.0,0.045773003269500234,565473.216,0.5754660252555622,9.133351330448047,0,0,0,True,False,False,False,False,True,False,True,False,False,False,False,True,False,False,False,False,True,False,False,False,False,True,False,False,False,False,False,False
164,1,94.5,168.7,64.0,52.6,2169,98,3.19,3.03,9.0,70,4800,29,34,8058.0,0.7070707070707071,30.549295774647888,31.5,0.04516129032258064,567911.6799999999,0.5601659751037344,8.994544758324512,0,0,0,True,False,True,False,False,True,False,False,True,False,False,False,True,False,False,False,False,True,False,False,False,False,True,False,False,False,False,False,False
165,1,94.5,168.7,64.0,52.6,2204,98,3.19,3.03,9.0,70,4800,29,34,8238.0,0.7070707070707071,31.04225352112676,31.5,0.044444444444444446,567911.6799999999,0.5601659751037344,9.01663425631559,0,0,0,True,False,True,False,True,False,False,False,True,False,False,False,True,False,False,False,False,True,False,False,False,False,True,False,False,False,False,False,False
166,1,94.5,168.7,64.0,52.6,2265,98,3.24,3.08,9.4,112,6600,26,29,9298.0,1.1313131313131313,20.04424778761062,27.5,0.04324801412180053,567911.6799999999,0.5601659751037344,9.137662146478197,0,0,0,True,False,True,False,False,True,False,False,True,False,False,False,False,False,False,False,False,True,False,False,False,False,False,False,False,False,True,False,False
167,1,94.5,168.7,64.0,52.6,2300,98,3.24,3.08,9.4,112,6600,26,29,9538.0,1.1313131313131313,20.353982300884955,27.5,0.042590178183398525,567911.6799999999,0.5601659751037344,9.163143937145207,0,0,0,True,False,True,False,True,False,False,False,True,False,False,False,False,False,False,False,False,True,False,False,False,False,False,False,False,False,True,False,False
168,2,98.4,176.2,65.6,52.0,2540,146,3.62,3.5,9.3,116,4800,24,30,8449.0,0.7891156462585034,21.70940170940171,27.0,0.05745769382133018,601053.4399999998,0.558456299659478,9.041921720351219,0,0,0,True,False,True,True,False,False,False,False,True,False,False,False,True,False,False,False,False,True,False,False,False,False,False,False,False,False,True,False,False
169,2,98.4,176.2,65.6,52.0,2536,146,3.62,3.5,9.3,116,4800,24,30,9639.0,0.7891156462585034,21.675213675213676,27.0,0.05754828537642885,601053.4399999998,0.558456299659478,9.17367638760459,0,0,0,True,False,True,True,False,False,False,False,True,False,False,False,True,False,False,False,False,True,False,False,False,False,False,False,False,False,True,False,False
170,2,98.4,176.2,65.6,52.0,2551,146,3.62,3.5,9.3,116,4800,24,30,9989.0,0.7891156462585034,21.803418803418804,27.0,0.05721003134796238,601053.4399999998,0.558456299659478,9.2093398716426,0,0,0,True,False,True,False,True,False,False,False,True,False,False,False,True,False,False,False,False,True,False,False,False,False,False,False,False,False,True,False,False
171,2,98.4,176.2,65.6,52.0,2679,146,3.62,3.5,9.3,116,4800,24,30,11199.0,0.7891156462585034,22.897435897435898,27.0,0.05447761194029851,601053.4399999998,0.558456299659478,9.323669057283185,0,0,0,True,False,True,True,False,False,False,False,True,False,False,False,True,False,False,False,False,True,False,False,False,False,False,False,False,False,True,False,False
172,2,98.4,176.2,65.6,52.0,2714,146,3.62,3.5,9.3,116,4800,24,30,11549.0,0.7891156462585034,23.196581196581196,27.0,0.053775322283609574,601053.4399999998,0.558456299659478,9.35444071594994,0,0,0,True,False,True,False,True,False,False,False,True,False,False,False,True,False,False,False,False,True,False,False,False,False,False,False,False,False,True,False,False
173,2,98.4,176.2,65.6,53.0,2975,146,3.62,3.5,9.3,116,4800,24,30,17669.0,0.7891156462585034,25.427350427350426,27.0,0.049059139784946235,612612.1599999999,0.558456299659478,9.779623565313742,0,0,0,True,False,True,False,False,False,False,False,True,False,False,False,True,False,False,False,False,True,False,False,False,False,False,False,False,False,True,False,False
174,-1,102.4,175.6,66.5,54.9,2326,122,3.31,3.54,8.7,92,4200,29,34,8948.0,0.7479674796747967,25.010752688172044,31.5,0.05242801890846584,641089.26,0.5831435079726652,9.099297073182859,0,0,0,True,False,False,False,False,True,False,True,False,False,False,False,True,False,False,False,False,True,False,False,False,False,False,False,False,False,True,False,False
175,-1,102.4,175.6,66.5,54.9,2480,110,3.27,3.35,22.5,73,4500,30,33,10698.0,0.6576576576576577,33.513513513513516,31.5,0.04433696090286175,641089.26,0.5831435079726652,9.277905558138606,0,0,0,False,True,False,False,False,True,False,True,False,False,False,False,True,False,False,False,False,True,False,False,False,False,False,False,True,False,False,False,False
176,-1,102.4,175.6,66.5,53.9,2414,122,3.31,3.54,8.7,92,4200,27,32,9988.0,0.7479674796747967,25.956989247311828,29.5,0.0505175983436853,629411.86,0.5831435079726652,9.20923976653215,0,0,0,True,False,False,False,True,False,False,True,False,False,False,False,True,False,False,False,False,True,False,False,False,False,False,False,False,False,True,False,False
177,-1,102.4,175.6,66.5,54.9,2414,122,3.31,3.54,8.7,92,4200,27,32,10898.0,0.7479674796747967,25.956989247311828,29.5,0.0505175983436853,641089.26,0.5831435079726652,9.296426320889312,0,0,0,True,False,False,False,False,True,False,True,False,False,False,False,True,False,False,False,False,True,False,False,False,False,False,False,False,False,True,False,False
178,-1,102.4,175.6,66.5,53.9,2458,122,3.31,3.54,8.7,92,4200,27,32,11248.0,0.7479674796747967,26.43010752688172,29.5,0.04961366409109394,629411.86,0.5831435079726652,9.328034514792826,0,0,0,True,False,False,False,True,False,False,True,False,False,False,False,True,False,False,False,False,True,False,False,False,False,False,False,False,False,True,False,False
179,3,102.9,183.5,67.7,52.0,2976,171,3.27,3.35,9.3,161,5200,20,24,16558.0,0.936046511627907,18.37037037037037,22.0,0.057440376217668794,645993.4,0.5607629427792916,9.714685039642484,0,1,0,True,False,True,False,True,False,False,False,True,False,False,False,False,False,False,False,False,False,True,False,False,False,False,False,False,False,True,False,False
180,3,102.9,183.5,67.7,52.0,3016,171,3.27,3.35,9.3,161,5200,19,24,15998.0,0.936046511627907,18.617283950617285,21.5,0.056678820019887305,645993.4,0.5607629427792916,9.680281499268713,0,1,0,True,False,True,False,True,False,False,False,True,False,False,False,False,False,False,False,False,False,True,False,False,False,False,False,False,False,True,False,False
181,-1,104.5,187.8,66.5,54.1,3131,171,3.27,3.35,9.2,156,5200,20,24,15690.0,0.9069767441860465,19.94267515923567,22.0,0.05459770114942529,675638.67,0.5564430244941426,9.660842578559068,0,1,0,True,False,False,False,False,True,False,False,True,False,False,False,False,False,False,False,False,False,True,False,False,False,False,False,False,False,True,False,False
182,-1,104.5,187.8,66.5,54.1,3151,161,3.27,3.35,9.2,156,5200,19,24,15750.0,0.9629629629629629,20.070063694267517,21.5,0.051078680203045686,675638.67,0.5564430244941426,9.664659134301736,0,1,0,True,False,False,False,False,False,True,False,True,False,False,False,False,False,False,False,False,False,True,False,False,False,False,False,False,False,True,False,False
183,2,97.3,171.7,65.5,55.7,2261,97,3.01,3.4,23.0,52,4800,37,46,7775.0,0.5306122448979592,42.660377358490564,41.5,0.04288240495137047,626421.695,0.5666860803727432,8.958797346140274,0,0,1,False,False,True,False,False,True,False,True,False,False,False,False,True,False,False,False,False,True,False,False,False,False,False,False,True,False,False,False,False
184,2,97.3,171.7,65.5,55.7,2209,109,3.19,3.4,9.0,85,5250,27,34,7975.0,0.7727272727272727,25.686046511627907,30.5,0.04932126696832579,626421.695,0.5666860803727432,8.984192311641674,0,0,0,True,False,True,False,False,True,False,True,False,False,False,False,True,False,False,False,False,True,False,False,False,False,False,False,False,False,True,False,False
185,2,97.3,171.7,65.5,55.7,2264,97,3.01,3.4,23.0,52,4800,37,46,7995.0,0.5306122448979592,42.716981132075475,41.5,0.04282560706401766,626421.695,0.5666860803727432,8.98669669562029,0,0,1,False,False,False,False,False,True,False,True,False,False,False,False,True,False,False,False,False,True,False,False,False,False,False,False,True,False,False,False,False
186,2,97.3,171.7,65.5,55.7,2212,109,3.19,3.4,9.0,85,5250,27,34,8195.0,0.7727272727272727,25.72093023255814,30.5,0.04925440578400361,626421.695,0.5666860803727432,9.011401509358791,0,0,0,True,False,False,False,False,True,False,True,False,False,False,False,True,False,False,False,False,True,False,False,False,False,False,False,False,False,True,False,False
187,2,97.3,171.7,65.5,55.7,2275,109,3.19,3.4,9.0,85,5250,27,34,8495.0,0.7727272727272727,26.453488372093023,30.5,0.04789103690685413,626421.695,0.5666860803727432,9.04735074348172,0,0,0,True,False,False,False,False,True,False,True,False,False,False,False,True,False,False,False,False,True,False,False,False,False,False,False,False,False,True,False,False
188,2,97.3,171.7,65.5,55.7,2319,97,3.01,3.4,23.0,68,4500,37,42,9495.0,0.6938775510204082,33.608695652173914,39.5,0.04181034482758621,626421.695,0.5666860803727432,9.158625936289503,0,0,1,False,True,False,False,False,True,False,True,False,False,False,False,True,False,False,False,False,True,False,False,False,False,False,False,True,False,False,False,False
189,2,97.3,171.7,65.5,55.7,2300,109,3.19,3.4,10.0,100,5500,26,32,9995.0,0.9090909090909091,22.77227722772277,29.0,0.04737070838765754,626421.695,0.5666860803727432,9.209940291954844,0,0,0,True,False,False,False,False,True,False,True,False,False,False,False,True,False,False,False,False,True,False,False,False,False,False,False,False,False,True,False,False
190,3,94.5,159.3,64.2,55.6,2254,109,3.19,3.4,8.5,90,5500,24,29,11595.0,0.8181818181818182,24.76923076923077,26.5,0.048337028824833705,568624.5360000001,0.5932203389830508,9.358415490041546,0,0,0,True,False,True,False,False,False,False,True,False,False,False,False,True,False,False,False,False,True,False,False,False,False,False,False,False,False,True,False,False
191,3,94.5,165.7,64.0,51.4,2221,109,3.19,3.4,8.5,90,5500,24,29,9980.0,0.8181818181818182,24.406593406593405,26.5,0.049054905490549056,545086.72,0.5703077851538926,9.208438564686587,0,0,0,True,False,True,False,True,False,False,True,False,False,False,False,True,False,False,False,False,True,False,False,False,False,False,False,False,False,True,False,False
192,0,100.4,180.2,66.9,55.1,2661,136,3.19,3.4,8.5,110,5500,19,24,13295.0,0.8029197080291971,23.972972972972972,21.5,0.05108940646130729,664251.4380000001,0.5571587125416205,9.49521851709523,0,0,0,True,False,False,False,False,True,False,True,False,False,False,False,True,False,False,False,True,False,False,False,False,False,False,False,False,False,True,False,False
193,0,100.4,180.2,66.9,55.1,2579,97,3.01,3.4,23.0,68,4500,33,38,13845.0,0.6938775510204082,37.3768115942029,35.5,0.037596899224806204,664251.4380000001,0.5571587125416205,9.53575166123797,0,0,1,False,True,False,False,False,True,False,True,False,False,False,False,True,False,False,False,False,True,False,False,False,False,False,False,True,False,False,False,False
194,0,100.4,183.1,66.9,55.1,2563,109,3.19,3.4,9.0,88,5500,25,31,12290.0,0.8,28.797752808988765,28.0,0.04251170046801872,674941.3890000001,0.5483342435827417,9.416622566214981,0,0,0,True,False,False,False,False,False,True,True,False,False,False,False,True,False,False,False,False,True,False,False,False,False,False,False,False,False,True,False,False
195,-2,104.3,188.8,67.2,56.2,2912,141,3.78,3.15,9.5,114,5400,23,28,12940.0,0.8028169014084507,25.321739130434782,25.5,0.04840370751802266,713029.6320000001,0.552436440677966,9.46815584482167,0,0,0,True,False,False,False,False,True,False,False,True,False,False,False,True,False,False,False,False,True,False,False,False,False,False,False,False,False,True,False,False
196,-1,104.3,188.8,67.2,57.5,3034,141,3.78,3.15,9.5,114,5400,23,28,13415.0,0.8028169014084507,26.382608695652173,25.5,0.04645799011532125,729523.2000000001,0.552436440677966,9.504203303503045,0,0,0,True,False,False,False,False,False,True,False,True,False,False,False,True,False,False,False,False,True,False,False,False,False,False,False,False,False,True,False,False
197,-2,104.3,188.8,67.2,56.2,2935,141,3.78,3.15,9.5,114,5400,24,28,15985.0,0.8028169014084507,25.52173913043478,26.0,0.048024523160762944,713029.6320000001,0.552436440677966,9.679468618185965,0,0,0,True,False,False,False,False,True,False,False,True,False,False,False,True,False,False,False,False,True,False,False,False,False,False,False,False,False,True,False,False
198,-1,104.3,188.8,67.2,57.5,3042,141,3.78,3.15,9.5,114,5400,24,28,16515.0,0.8028169014084507,26.452173913043477,26.0,0.04633585277686494,729523.2000000001,0.552436440677966,9.71208488700598,0,0,0,True,False,False,False,False,False,True,False,True,False,False,False,True,False,False,False,False,True,False,False,False,False,False,False,False,False,True,False,False
199,-2,104.3,188.8,67.2,56.2,3045,130,3.62,3.15,7.5,162,5100,17,22,18420.0,1.2366412213740459,18.680981595092025,19.5,0.04267892317793828,713029.6320000001,0.552436440677966,9.821246597152218,0,1,0,True,True,False,False,False,True,False,False,True,False,False,False,True,False,False,False,False,True,False,False,False,False,False,False,False,False,True,False,False
200,-1,104.3,188.8,67.2,57.5,3157,130,3.62,3.15,7.5,162,5100,17,22,18950.0,1.2366412213740459,19.368098159509202,19.5,0.04116529449018366,729523.2000000001,0.552436440677966,9.84961197956681,0,1,0,True,True,False,False,False,False,True,False,True,False,False,False,True,False,False,False,False,True,False,False,False,False,False,False,False,False,True,False,False
201,-1,109.1,188.8,68.9,55.5,2952,141,3.78,3.15,9.5,114,5400,23,28,16845.0,0.8028169014084507,25.669565217391305,25.5,0.04774805282763291,721961.7600000001,0.5778601694915254,9.73186851887531,0,0,0,True,False,False,False,False,True,False,False,True,False,False,False,True,False,False,False,False,True,False,False,False,False,False,False,False,False,True,False,False
202,-1,109.1,188.8,68.8,55.5,3049,141,3.78,3.15,8.7,160,5300,19,25,19045.0,1.1267605633802817,18.937888198757765,22.0,0.04622950819672131,720913.92,0.5778601694915254,9.854612384753992,0,1,0,True,True,False,False,False,True,False,False,True,False,False,False,True,False,False,False,False,True,False,False,False,False,False,False,False,False,True,False,False
203,-1,109.1,188.8,68.9,55.5,3012,173,3.58,2.87,8.8,134,5500,18,23,21485.0,0.7701149425287356,22.31111111111111,20.5,0.05741785595751742,721961.7600000001,0.5778601694915254,9.975156839226488,1,0,0,True,False,False,False,False,True,False,False,True,False,False,False,False,False,True,False,False,False,True,False,False,False,False,False,False,False,True,False,False
204,-1,109.1,188.8,68.9,55.5,3217,145,3.01,3.4,23.0,106,4800,26,27,22470.0,0.726027397260274,30.065420560747665,26.5,0.045059042883778745,721961.7600000001,0.5778601694915254,10.019980867971933,1,0,0,False,True,False,False,False,True,False,False,True,False,False,False,True,False,False,False,False,False,True,False,False,False,False,False,True,False,False,False,False
205,-1,109.1,188.8,68.9,55.5,3062,141,3.78,3.15,9.5,114,5400,19,25,22625.0,0.8028169014084507,26.62608695652174,22.0,0.04603330068560235,721961.7600000001,0.5778601694915254,10.026854966486413,1,0,0,True,True,False,False,False,True,False,False,True,False,False,False,True,False,False,False,False,True,False,False,False,False,False,False,False,False,True,False,False
